{
  "width": 4082,
  "height": 3678,
  "min_lon": 12.123535117377015,
  "max_lat": 45.57330009060503,
  "res_lon": 0.00010679426863650399,
  "res_lat": -0.00010679426863650399
}